course,n,난이도_쉬움%,난이도_적당%,난이도_어려움%,만족도_높음%,만족도_보통%,만족도_낮음%,활용도_높음%,활용도_낮음%,난이도_지수
2026년 사이버파트너스 역량강화 초급 과정 1차,23,0,30,69,73,21,4,56,8,0.69
2026년 웹 해킹 및 시스템 모의침투 교육 1차,14,0,42,57,71,28,0,35,7,0.57
2026년 생성형 AI 구축 및 취약점 실습 2차,18,5,33,61,61,33,5,38,5,0.56
2025년 악성코드 분석(2차),18,0,50,50,61,38,0,27,16,0.5
2026년 사이버보안 기술 기초 실습 1차,19,0,52,47,63,36,0,47,5,0.47
2026년 직무 기반 사고조사 전문가 트랙 1차,22,4,50,45,77,22,0,77,0,0.41
2026년 AI 보안의 이해(1차),45,0,64,35,73,22,4,60,4,0.35
2025년 악성코드 분석(1차),20,5,55,40,85,10,5,35,15,0.35
2025년 군암호기술(2차),20,0,65,35,40,50,10,35,25,0.35
2026년 사이버보안 기술 기초 실습 2차,20,0,70,30,85,15,0,45,10,0.3
2025년 랜섬웨어 원리 및 대응(1차),17,0,70,29,52,47,0,35,0,0.29
2026년 사이버파트너스 역량강화 중급 과정,23,4,65,30,52,43,4,39,8,0.26
"2025년 최신 사이버보안 기술 이해(1차, 제로 트러스트)",36,0,75,25,69,30,0,36,8,0.25
2026년 제어시스템 사이버공격 대응 실전 훈련(2차),37,2,71,26,71,28,0,76,0,0.24
2026년 제어시스템 사이버공격 대응 실전 훈련(1차),45,0,80,20,53,44,2,62,0,0.2
2026년 생성형 AI 구축 및 취약점 실습 1차,15,6,66,26,60,26,13,46,26,0.2
2026년 정보보안업무이해(1차),42,2,76,21,50,45,4,30,9,0.19
2025년 윤리적 해커 양성(6기)_하반기,31,0,83,16,77,22,0,70,0,0.16
2025년 사고 조사 기술 기초 실습(1차),13,7,69,23,176,23,0,61,0,0.16
2025년 군암호기술(1차),34,5,73,20,58,41,0,44,0,0.15
2025년 사이버보안 기술 기초 실습(1차),20,5,75,20,75,25,0,40,5,0.15
2026년 사이버보안 실태 평가(1차),40,2,82,14,56,43,0,56,4,0.12
2026년 금융 사이버위협 동향 및 대응방안(1차),18,0,88,11,55,38,5,38,11,0.11
2025년 보안데이터 분석 및 관제(1차),20,10,70,20,40,50,10,30,5,0.1
2025년 제어시스템 사이버공격 대응 실전 훈련(2차),40,2,87,10,42,57,0,60,0,0.08
2025년 사이버보안 실태 평가(3차),29,3,86,10,75,24,0,68,0,0.07
2025년 사이버안보정책(2차),15,0,93,6,93,6,0,73,0,0.06
2025년 사이버보안 기술 기초 실습(3차),19,10,73,15,84,15,0,47,5,0.05
2025년 사이버안보정책(1차),19,0,94,5,89,5,5,84,5,0.05
2025년 정보보안업무 이해(3차),20,5,85,10,85,15,0,65,0,0.05
2025년 정보시스템 구축 운영 실무(2차),17,0,94,5,76,23,0,88,0,0.05
2025년 공급망 보안을 위한 안전한 소프트웨어 개발(2차),20,0,95,5,45,45,10,50,10,0.05
"2025년 정보화사업 보안성 검토(2차, 대전)",47,2,91,6,48,48,2,53,2,0.04
"2025년 최신 사이버보안 기술 이해(2차, 공급망 보안)",24,4,87,8,62,37,0,29,4,0.04
2025년 국가 공공기관 제로트러스트 사이버보안 교육,21,0,95,4,76,23,0,52,4,0.04
2025년 보안데이터 분석 및 관제(3차),21,0,95,4,66,33,0,57,0,0.04
2025년 사이버보안 실태 평가(4차),28,6,82,10,68,31,0,58,0,0.04
2025년 국가용 디지털포렌식 도구 전문가 양성 과정,31,6,83,9,87,12,0,93,0,0.03
2025년 윤리적 해커 양성(6기)_상반기,35,5,85,8,77,22,0,68,0,0.03
2026년 보안 관제의 이해(1차),27,0,96,3,74,25,0,51,3,0.03
2026년 기반시설보안정책(1차),48,4,89,6,60,39,0,50,0,0.02
2026년 사이버보안 실태 평가(3차),47,2,93,4,57,40,2,53,0,0.02
2025년 정보보안업무 이해(2차),23,0,100,0,78,21,0,73,4,0.0
2025년 정보보안업무 이해(1차),25,4,92,4,60,36,4,48,4,0.0
2025년 사이버보안 실태 평가(2차),29,0,100,0,79,20,0,79,0,0.0
2025년 국가공공기관 정보시스템 취약점 진단 실무 과정(4차),12,0,200,0,348,48,0,150,0,0.0
2025년 국가 공공기관 보안 위협 사례 및 대응(2차),19,0,100,0,84,15,0,63,5,0.0
2025년 랜섬웨어 원리 및 대응(2차),16,12,75,12,56,43,0,56,18,0.0
2025년 모바일 포렌식(2차),10,0,100,0,80,20,0,20,10,0.0
2025년 제어시스템 사이버공격 대응 실전 훈련(3차),34,11,76,11,64,32,2,70,5,0.0
2026년 기반시설보안정책(2차),43,4,90,4,65,34,0,39,4,0.0
2026년 국가공공기관 정보시스템 취약점 진단 실무 고급(2차),17,11,76,11,70,23,5,58,5,0.0
2025년 사고 조사 기술 기초 실습(2차),17,5,88,5,164,34,0,52,0,0.0
2026년 금융 사이버위협 동향 및 대응방안(2차),16,0,100,0,81,18,0,75,0,0.0
2026년 사이버보안 실태 평가(2차),44,6,88,4,56,43,0,61,2,-0.02
2026년 정보화사업 보안성 검토(2차),43,4,93,2,62,37,0,65,0,-0.02
2026년 정보화사업 보안성 검토(1차),43,2,97,0,53,44,2,58,0,-0.02
"2025년 정보화사업 보안성 검토(1차, 대전)",48,8,85,6,56,41,2,62,0,-0.02
2025년 제어시스템 사이버공격 대응 실전 훈련(1차),48,2,97,0,77,22,0,89,0,-0.02
2025년 기반시설보안정책(1차),34,2,97,0,79,14,5,58,5,-0.02
2025년 사이버보안 실태 평가(1차),31,6,90,3,54,45,0,70,0,-0.03
2026년 랜섬웨어 원리 및 대응(1차),34,5,91,2,45,54,0,40,5,-0.03
2025년 기반시설보안정책(2차),27,7,88,3,85,14,0,62,0,-0.04
2026년 제어시스템 사이버공격 대응 실전 훈련(3차),25,12,80,8,88,12,0,80,4,-0.04
2025년 사이버위기대응 도상훈련(2차),23,4,95,0,47,52,0,60,0,-0.04
2025년 국가공공기관 정보시스템 취약점 진단 실무 과정(2차),17,5,94,0,94,5,0,82,0,-0.05
2025년 사이버위기대응 도상훈련(1차),20,5,95,0,90,10,0,75,0,-0.05
2025년 국가 공공기관 보안 위협 사례 및 대응(1차),30,6,93,0,90,10,0,80,0,-0.06
"2025년 최신 사이버보안 기술 이해(3차, 클라우드 보안)",45,13,80,6,51,42,6,40,6,-0.07
2025년 공급망 보안을 위한 안전한 소프트웨어 개발(1차),21,18,72,9,63,36,0,40,4,-0.09
2025년 사이버훈련장을 활용한 사이버방어실무(2차),21,14,80,4,80,19,0,52,4,-0.1
2025년 사이버보안 기술 기초 실습(2차),20,10,90,0,85,15,0,55,5,-0.1
2025년 사고 조사 기술 기초 실습(3차),18,11,88,0,171,16,10,61,5,-0.11
2025년 보안데이터 분석 및 관제(2차),24,12,87,0,50,45,4,41,4,-0.12
2025년 정보시스템 구축 운영 실무(1차),19,13,86,0,86,13,0,77,0,-0.13
2025년 사이버 파트너스 역량강화 교육(5차),25,28,64,8,84,12,4,44,12,-0.2
2025년 사이버훈련장을 활용한 사이버방어실무(1차),16,31,62,6,75,25,0,50,12,-0.25
2026년 국가공공기관 정보시스템 취약점 진단 실무 고급(1차),11,27,72,0,72,27,0,72,0,-0.27
2025년 사이버 파트너스 역량강화 교육(2차),22,31,63,4,50,45,4,27,9,-0.27
2025년 충청권 사이버보안 전문인력 기술역량 향상 교육,16,29,70,0,70,29,0,41,0,-0.29
2025년 국가공공기관 정보시스템 취약점 진단 실무 과정(3차),13,30,69,0,61,30,7,61,0,-0.3
2025년 사이버 파트너스 역량강화 교육(4차),24,32,66,0,62,37,0,37,4,-0.32
2025년 사이버훈련장을 활용한 사이버방어실무(3차),14,35,64,0,57,35,7,50,7,-0.35
2025년 사이버 파트너스 역량강화 교육(1차),22,44,54,0,68,31,0,36,9,-0.44
2025년 사이버 파트너스 역량강화 교육(3차),15,55,43,0,75,18,6,37,25,-0.55
